
	<!DOCTYPE project [
		<!ELEMENT project (objectids-table | current-scenario | duration | aggregation-period | truncated-mean | percentile)* >
	
		<!ELEMENT objectids-table (objectids-entry)* >
		<!ELEMENT objectids-entry (#PCDATA)>
		<!ELEMENT duration (#PCDATA)>
		<!ELEMENT truncated-mean (#PCDATA)>
		<!ELEMENT percentile (#PCDATA)>
		<!ELEMENT aggregation-period (#PCDATA)>
		<!ELEMENT current-scenario (#PCDATA)>
		<!ATTLIST duration
		    value CDATA #REQUIRED>
	    <!ATTLIST aggregation-period
		    value CDATA #REQUIRED>
		<!ATTLIST objectids-entry
		    objectid CDATA #REQUIRED
		    type CDATA #REQUIRED
		    value CDATA #REQUIRED
		    key CDATA #REQUIRED>
		<!ATTLIST truncated-mean
		    centered-interval CDATA #REQUIRED
		    percentage CDATA #REQUIRED>
		 <!ATTLIST percentile
		    percentage CDATA #REQUIRED>
	]>


<!--****** RUNTIME PROJECT ******--><project>
<!--****** CURRENT SCENARIO ******-->
<current-scenario>scenario1</current-scenario>
<!--****** OBJECTIDS ******-->
<objectids-table>
<objectids-entry key="" objectid="0" type="LG_HOST" value="wb-neotys.boxes.whiteblock.io:7100"/>
<objectids-entry key="" objectid="1" type="ZONE" value="Zone par défaut"/>
<objectids-entry key="Zone par défaut¤Management¤" objectid="2" type="POPULATION" value="Management"/>
<objectids-entry key="Zone par défaut¤Management¤management" objectid="3" type="VIRTUAL_USER" value="management"/>
<objectids-entry key="Zone par défaut¤Management¤management" objectid="4" type="BASIC_LOGICAL_CONTAINER" value="$parent=management;$index=0"/>
<objectids-entry key="Zone par défaut¤Management¤management" objectid="5" type="BASIC_LOGICAL_CONTAINER" value="$parent=management;$index=1"/>
<objectids-entry key="Zone par défaut¤Management¤management" objectid="6" type="CUSTOM_ACTION" value="412d9d45-0672-4a32-813d-2a894de7645c"/>
<objectids-entry key="Zone par défaut¤Management¤management" objectid="7" type="CUSTOM_ACTION" value="8b94469c-b2c7-4518-a07c-85a7d93ea19d"/>
<objectids-entry key="Zone par défaut¤Management¤management" objectid="8" type="CUSTOM_ACTION" value="4e0b8ea3-4455-4074-8739-fae60591457f"/>
<objectids-entry key="Zone par défaut¤Management¤management" objectid="9" type="CUSTOM_ACTION" value="d7859a77-98b6-4c26-8d9c-a1a261b73918"/>
<objectids-entry key="Zone par défaut¤Management¤management" objectid="10" type="CUSTOM_ACTION" value="6393b494-ebbd-4cc0-aa30-4edbd366ad8b"/>
<objectids-entry key="Zone par défaut¤Management¤management" objectid="11" type="CUSTOM_ACTION" value="88685542-5558-4c9f-9792-0bdb545cca92"/>
<objectids-entry key="Zone par défaut¤Management¤management" objectid="12" type="CUSTOM_ACTION" value="64c5bc58-5a2a-4fcb-ac47-32c854697c4d"/>
<objectids-entry key="Zone par défaut¤Management¤management" objectid="13" type="LOOP" value="603a6c92-a7e5-41ab-949a-41efb36d1c23"/>
<objectids-entry key="Zone par défaut¤Management¤management" objectid="14" type="VARIABLE_MODIFIER" value="8859032d-044a-41dc-8d5f-86081d7fc95d"/>
<objectids-entry key="Zone par défaut¤Management¤management" objectid="15" type="LOOP" value="53613c98-68f8-4fce-b5a1-14d60199edff"/>
<objectids-entry key="Zone par défaut¤Management¤management" objectid="16" type="VARIABLE_MODIFIER" value="2b202752-4c4d-4274-b5df-b31aeb3536da"/>
<objectids-entry key="Zone par défaut¤Management¤management" objectid="17" type="CUSTOM_ACTION" value="46b7d55e-264d-4974-ad1b-95d172743179"/>
<objectids-entry key="Zone par défaut¤Management¤management" objectid="18" type="BASIC_LOGICAL_CONTAINER" value="$parent=management;$index=2"/>
<objectids-entry key="Zone par défaut¤SendTransactions¤" objectid="19" type="POPULATION" value="SendTransactions"/>
<objectids-entry key="Zone par défaut¤SendTransactions¤sendtransaction" objectid="20" type="VIRTUAL_USER" value="sendtransaction"/>
<objectids-entry key="Zone par défaut¤SendTransactions¤sendtransaction" objectid="21" type="BASIC_LOGICAL_CONTAINER" value="$parent=sendtransaction;$index=0"/>
<objectids-entry key="Zone par défaut¤SendTransactions¤sendtransaction" objectid="22" type="VARIABLE_MODIFIER" value="034bc1a8-491c-43ba-979e-9aa87799e847"/>
<objectids-entry key="Zone par défaut¤SendTransactions¤sendtransaction" objectid="23" type="VARIABLE_MODIFIER" value="3cd5de6a-573f-4fee-b496-247da1266895"/>
<objectids-entry key="Zone par défaut¤SendTransactions¤sendtransaction" objectid="24" type="JS_ACTION" value="e00c34c4-0c73-45a4-9abe-810ecaf904bf"/>
<objectids-entry key="Zone par défaut¤SendTransactions¤sendtransaction" objectid="25" type="CUSTOM_ACTION" value="8489b15c-6177-4062-8dc9-5bd556c1311d"/>
<objectids-entry key="Zone par défaut¤SendTransactions¤sendtransaction" objectid="26" type="BASIC_LOGICAL_CONTAINER" value="$parent=sendtransaction;$index=1"/>
<objectids-entry key="Zone par défaut¤SendTransactions¤sendtransaction" objectid="27" type="CUSTOM_ACTION" value="647e4104-1392-4c82-9c60-63274c0e8f23"/>
<objectids-entry key="Zone par défaut¤SendTransactions¤sendtransaction" objectid="28" type="CUSTOM_ACTION" value="796833ee-0596-4c24-abfc-bf7f1f7f271c"/>
<objectids-entry key="Zone par défaut¤SendTransactions¤sendtransaction" objectid="30" type="BASIC_LOGICAL_CONTAINER" value="$parent=sendtransaction;$index=2"/>
<objectids-entry key="Zone par défaut¤Monitoring¤" objectid="31" type="POPULATION" value="Monitoring"/>
<objectids-entry key="Zone par défaut¤Monitoring¤Monitoring" objectid="32" type="VIRTUAL_USER" value="Monitoring"/>
<objectids-entry key="Zone par défaut¤Monitoring¤Monitoring" objectid="33" type="BASIC_LOGICAL_CONTAINER" value="$parent=Monitoring;$index=0"/>
<objectids-entry key="Zone par défaut¤Monitoring¤Monitoring" objectid="34" type="BASIC_LOGICAL_CONTAINER" value="$parent=Monitoring;$index=1"/>
<objectids-entry key="Zone par défaut¤Monitoring¤Monitoring" objectid="35" type="CUSTOM_ACTION" value="5fd461d5-af20-408d-a0bb-0eee5c718b9c"/>
<objectids-entry key="Zone par défaut¤Monitoring¤Monitoring" objectid="36" type="BASIC_LOGICAL_CONTAINER" value="$parent=Monitoring;$index=2"/>
<objectids-entry key="¤¤" objectid="37" type="MONITORED_HOST" value="NeoLoad"/>
<objectids-entry key="¤¤" objectid="38" type="MONITORCONNECTION" value="NeoLoad$NeoLoad"/>
<objectids-entry key="¤¤" objectid="39" type="MONITOR" value="NeoLoad$NeoLoad$UserLoad"/>
<objectids-entry key="¤¤" objectid="40" type="MONITOR" value="NeoLoad$NeoLoad$throughput"/>
<objectids-entry key="¤¤" objectid="41" type="MONITOR" value="NeoLoad$NeoLoad$Alerts"/>
<objectids-entry key="¤¤" objectid="42" type="MONITOR" value="NeoLoad$NeoLoad$CriticalAlerts"/>
<objectids-entry key="¤¤" objectid="43" type="MONITOR" value="NeoLoad$NeoLoad$WarningAlerts"/>
<objectids-entry key="¤¤" objectid="44" type="MONITOR" value="NeoLoad$NeoLoad$cpu"/>
<objectids-entry key="¤¤" objectid="45" type="THRESHOLD" value="NeoLoad$NeoLoad$29b2396b-4abb-47d5-bcdf-4407387b2a82"/>
<objectids-entry key="¤¤" objectid="46" type="MONITOR" value="NeoLoad$NeoLoad$memory"/>
<objectids-entry key="¤¤" objectid="47" type="THRESHOLD" value="NeoLoad$NeoLoad$bca1a03d-9afa-4d87-ad9c-37d53348be61"/>
<objectids-entry key="¤¤" objectid="48" type="MONITOR" value="NeoLoad$NeoLoad$threadcount"/>
<objectids-entry key="¤¤" objectid="49" type="MONITOR" value="NeoLoad$NeoLoad$connectedlg"/>
<objectids-entry key="¤¤" objectid="50" type="MONITOR" value="NeoLoad$NeoLoad$totallgdisconnections"/>
<objectids-entry key="¤¤" objectid="51" type="THRESHOLD" value="NeoLoad$NeoLoad$65823e8b-8757-4bce-9421-23da904eac7a"/>
<objectids-entry key="¤¤" objectid="52" type="MONITOR" value="NeoLoad$NeoLoad$totallgreconnections"/>
<objectids-entry key="¤¤" objectid="53" type="MONITOR" value="NeoLoad$NeoLoad$otcp.NeoLoad"/>
<objectids-entry key="¤¤" objectid="54" type="MONITOR" value="NeoLoad$NeoLoad$tcp.NeoLoad"/>
<objectids-entry key="¤¤" objectid="55" type="MONITOR" value="NeoLoad$NeoLoad$ibytesperinterface~NeoLoad~wlp2s0"/>
<objectids-entry key="¤¤" objectid="56" type="MONITOR" value="NeoLoad$NeoLoad$obytesperinterface~NeoLoad~wlp2s0"/>
<objectids-entry key="¤¤" objectid="57" type="MONITOR" value="NeoLoad$NeoLoad$nlwebdownload"/>
<objectids-entry key="¤¤" objectid="58" type="MONITOR" value="NeoLoad$NeoLoad$nlwebupload"/>
<objectids-entry key="¤¤" objectid="59" type="MONITOR" value="NeoLoad$NeoLoad$SapUserLoad"/>
<objectids-entry key="¤¤" objectid="60" type="MONITOR" value="NeoLoad$NeoLoad$zoneuserload~Zone par défaut"/>
<objectids-entry key="¤¤" objectid="61" type="MONITOR" value="NeoLoad$NeoLoad$zoneuserloadperpopulation~Zone par défaut~Management"/>
<objectids-entry key="¤¤" objectid="62" type="MONITOR" value="NeoLoad$NeoLoad$zoneuserloadperpopulation~Zone par défaut~Management~management"/>
<objectids-entry key="¤¤" objectid="63" type="MONITOR" value="NeoLoad$NeoLoad$zoneuserloadperpopulation~Zone par défaut~SendTransactions"/>
<objectids-entry key="¤¤" objectid="64" type="MONITOR" value="NeoLoad$NeoLoad$zoneuserloadperpopulation~Zone par défaut~SendTransactions~sendtransaction"/>
<objectids-entry key="¤¤" objectid="65" type="MONITOR" value="NeoLoad$NeoLoad$zoneuserloadperpopulation~Zone par défaut~Monitoring"/>
<objectids-entry key="¤¤" objectid="66" type="MONITOR" value="NeoLoad$NeoLoad$zoneuserloadperpopulation~Zone par défaut~Monitoring~Monitoring"/>
<objectids-entry key="¤¤" objectid="67" type="MONITORED_HOST" value="Injecteur wb-neotys.boxes.whiteblock.io:7100"/>
<objectids-entry key="¤¤" objectid="68" type="MONITORCONNECTION" value="Injecteur wb-neotys.boxes.whiteblock.io:7100$NeoLoad"/>
<objectids-entry key="¤¤" objectid="69" type="MONITOR" value="Injecteur wb-neotys.boxes.whiteblock.io:7100$NeoLoad$lgcpu.wb-neotys.boxes.whiteblock.io:7100"/>
<objectids-entry key="¤¤" objectid="70" type="THRESHOLD" value="Injecteur wb-neotys.boxes.whiteblock.io:7100$NeoLoad$f9973e0c-0a0e-486f-9009-1c0ed30ab33a"/>
<objectids-entry key="¤¤" objectid="71" type="MONITOR" value="Injecteur wb-neotys.boxes.whiteblock.io:7100$NeoLoad$lgmemory.wb-neotys.boxes.whiteblock.io:7100"/>
<objectids-entry key="¤¤" objectid="72" type="THRESHOLD" value="Injecteur wb-neotys.boxes.whiteblock.io:7100$NeoLoad$12040dae-81bd-40c4-8012-ef19e8aea01f"/>
<objectids-entry key="¤¤" objectid="73" type="MONITOR" value="Injecteur wb-neotys.boxes.whiteblock.io:7100$NeoLoad$lgthroughput.wb-neotys.boxes.whiteblock.io:7100"/>
<objectids-entry key="¤¤" objectid="74" type="MONITOR" value="Injecteur wb-neotys.boxes.whiteblock.io:7100$NeoLoad$lguserloadperpopulation~wb-neotys.boxes.whiteblock.io:7100"/>
<objectids-entry key="¤¤" objectid="75" type="MONITOR" value="Injecteur wb-neotys.boxes.whiteblock.io:7100$NeoLoad$lgthreadcount.wb-neotys.boxes.whiteblock.io:7100"/>
<objectids-entry key="¤¤" objectid="76" type="MONITOR" value="Injecteur wb-neotys.boxes.whiteblock.io:7100$NeoLoad$lg.jetty.httpclient.threadpool.used.wb-neotys.boxes.whiteblock.io:7100"/>
<objectids-entry key="¤¤" objectid="77" type="MONITOR" value="Injecteur wb-neotys.boxes.whiteblock.io:7100$NeoLoad$lg.jetty.httpclient.taskpool.used.wb-neotys.boxes.whiteblock.io:7100"/>
<objectids-entry key="¤¤" objectid="78" type="THRESHOLD" value="Injecteur wb-neotys.boxes.whiteblock.io:7100$NeoLoad$c87d1f5d-dbd0-4f7c-9648-85969d6a4b9b"/>
<objectids-entry key="¤¤" objectid="79" type="MONITOR" value="Injecteur wb-neotys.boxes.whiteblock.io:7100$NeoLoad$lgdisconnections.wb-neotys.boxes.whiteblock.io:7100"/>
<objectids-entry key="¤¤" objectid="80" type="MONITOR" value="Injecteur wb-neotys.boxes.whiteblock.io:7100$NeoLoad$lgreconnections.wb-neotys.boxes.whiteblock.io:7100"/>
<objectids-entry key="¤¤" objectid="81" type="MONITOR" value="Injecteur wb-neotys.boxes.whiteblock.io:7100$NeoLoad$lgping.wb-neotys.boxes.whiteblock.io:7100"/>
<objectids-entry key="¤¤" objectid="82" type="MONITOR" value="Injecteur wb-neotys.boxes.whiteblock.io:7100$NeoLoad$lgotcp.wb-neotys.boxes.whiteblock.io:7100"/>
<objectids-entry key="¤¤" objectid="83" type="MONITOR" value="Injecteur wb-neotys.boxes.whiteblock.io:7100$NeoLoad$lgtcp.wb-neotys.boxes.whiteblock.io:7100"/>
<objectids-entry key="¤¤" objectid="84" type="MONITOR" value="Injecteur wb-neotys.boxes.whiteblock.io:7100$NeoLoad$lgibytesperinterface~wb-neotys.boxes.whiteblock.io:7100~eth0"/>
<objectids-entry key="¤¤" objectid="85" type="MONITOR" value="Injecteur wb-neotys.boxes.whiteblock.io:7100$NeoLoad$lgobytesperinterface~wb-neotys.boxes.whiteblock.io:7100~eth0"/>
</objectids-table>
<!--****** DURATION ******-->
<duration value="426921"/>
<!--****** AGGREGATION PERIOD ******-->
<aggregation-period value="5000"/>
<!--****** EXTENDED STATISTICS ******-->
<truncated-mean centered-interval="true" percentage="90"/>
<percentile percentage="50"/>
</project>
